{"cameraMode":{"drawMode":0,"name":"Shaded","section":"Shading Mode"},"sceneLighting":false,"audioPlay":false,"sceneViewState":{"m_AlwaysRefresh":false,"showFog":true,"showSkybox":false,"showFlares":true,"showImageEffects":true,"showParticleSystems":true,"showVisualEffectGraphs":true,"m_FxEnabled":true},"in2DMode":false,"pivot":{"x":1.1459240913391114,"y":3.213045597076416,"z":0.6516218185424805},"rotation":{"x":-0.10718425363302231,"y":-0.021781114861369134,"z":0.002338537946343422,"w":-0.9940378069877625},"size":4.652254581451416,"orthographic":false}