{"cameraMode":{"drawMode":0,"name":"Shaded","section":"Shading Mode"},"sceneLighting":true,"audioPlay":false,"sceneViewState":{"m_AlwaysRefresh":false,"showFog":true,"showSkybox":true,"showFlares":true,"showImageEffects":true,"showParticleSystems":true,"showVisualEffectGraphs":true,"m_FxEnabled":true},"in2DMode":false,"pivot":{"x":-4.340296268463135,"y":6.607085227966309,"z":11.759733200073243},"rotation":{"x":-0.17976880073547364,"y":0.10571318864822388,"z":-0.01949702575802803,"w":-0.9778798222541809},"size":18.054622650146486,"orthographic":false}